[
{
    "model": "core.movie",
    "pk": 1,
    "fields": {
        "title": "The Godfather",
        "director": 2,
        "plot": "Widely regarded as one of the greatest films of all time, this mob drama, based on Mario Puzo's novel of the same name, focuses on the powerful Italian-American crime family of Don Vito Corleone",
        "year": 1972,
        "rating": 0,
        "runtime": 178,
        "website": "",
        "writers": []
    }
},
{
    "model": "core.movie",
    "pk": 2,
    "fields": {
        "title": "Zombadings: patayin sa shokot si remington",
        "director": null,
        "plot": "wala lang lol",
        "year": 2011,
        "rating": 3,
        "runtime": 75,
        "website": "http://zombadings.com",
        "writers": []
    }
},
{
    "model": "core.movie",
    "pk": 3,
    "fields": {
        "title": "Her",
        "director": null,
        "plot": "Theodore falls in love with the person that is the voice assistant in the operating system of his computer",
        "year": 2013,
        "rating": 2,
        "runtime": 133,
        "website": "",
        "writers": []
    }
},
{
    "model": "core.movie",
    "pk": 4,
    "fields": {
        "title": "Final Fantasy XV: Kingsglaive",
        "director": null,
        "plot": "Nyx, one of the few remaining kingsglaive of Insomnia, tries to protect the city and the king from evil",
        "year": 2016,
        "rating": 2,
        "runtime": 139,
        "website": "",
        "writers": []
    }
},
{
    "model": "core.movie",
    "pk": 5,
    "fields": {
        "title": "Birdman: The Unexpected Virtue of Ignorance",
        "director": null,
        "plot": "The protagonist, who used to be an actor famous on the big screen, tries trudging a different kind of art.",
        "year": 2014,
        "rating": 2,
        "runtime": 120,
        "website": "",
        "writers": []
    }
},
{
    "model": "core.movie",
    "pk": 6,
    "fields": {
        "title": "Justin Biever",
        "director": null,
        "plot": "The life of justin bieber",
        "year": 2012,
        "rating": 1,
        "runtime": 80,
        "website": "",
        "writers": []
    }
},
{
    "model": "core.movie",
    "pk": 7,
    "fields": {
        "title": "Avengers: Endgame",
        "director": null,
        "plot": "Phenomenal movie which everyone, fans of the MCU or not, watched",
        "year": 2019,
        "rating": 2,
        "runtime": 185,
        "website": "",
        "writers": []
    }
},
{
    "model": "core.movie",
    "pk": 8,
    "fields": {
        "title": "The Godfather II",
        "director": 2,
        "plot": "he compelling sequel to \"The Godfather,\" contrasting the life of Corleone father and son. Traces the problems of Michael Corleone (Al Pacino) in 1958 and that of a young immigrant Vito Corleone (Robert De Niro) in 1917's Hell's Kitchen.",
        "year": 1974,
        "rating": 3,
        "runtime": 202,
        "website": "",
        "writers": [
            2
        ]
    }
},
{
    "model": "core.movie",
    "pk": 9,
    "fields": {
        "title": "Masculine, Feminine",
        "director": 4,
        "plot": "Paul (Jean-Pierre L\u00e9aud), a young idealist trying to figure out what he wants to do with his life, takes a job interviewing people for a marketing research firm. He moves in with aspiring pop singer Madeleine (Chantal Goya), and their affair often involves her two sexy roommates.",
        "year": 1966,
        "rating": 0,
        "runtime": 110,
        "website": "",
        "writers": [
            4
        ]
    }
},
{
    "model": "core.movie",
    "pk": 10,
    "fields": {
        "title": "Band of Outsiders",
        "director": 4,
        "plot": "Cinephile slackers Franz (Sami Frey) and Arthur (Claude Brasseur) spend their days mimicking the antiheroes of Hollywood noirs and Westerns while pursuing the lovely Odile (Anna Karina). T",
        "year": 1952,
        "rating": 2,
        "runtime": 97,
        "website": "",
        "writers": []
    }
},
{
    "model": "core.movie",
    "pk": 11,
    "fields": {
        "title": "Pulp Fiction",
        "director": 3,
        "plot": "Vincent Vega (John Travolta) and Jules Winnfield (Samuel L. Jackson) are hitmen with a penchant for philosophical discussions. In this ultra-hip, multi-strand crime movie, their storyline is interwoven with those of their boss, gangster Marsellus Wallace (Ving Rhames) ; his actress wife, Mia (Uma Thurman) ; struggling boxer Butch Coolidge (Bruce Willis) ; master fixer Winston Wolfe (Harvey Keitel) and a nervous pair of armed robbers, \"Pumpkin\" (Tim Roth) and \"Honey Bunny\" (Amanda Plummer).",
        "year": 1994,
        "rating": 3,
        "runtime": 178,
        "website": "",
        "writers": []
    }
},
{
    "model": "core.movie",
    "pk": 12,
    "fields": {
        "title": "Full Metal Jacket",
        "director": 5,
        "plot": "Stanley Kubrick's take on the Vietnam War follows smart-aleck Private Davis (Matthew Modine), quickly christened \"Joker\" by his foul-mouthed drill sergeant (R. Lee Ermey), and pudgy Private Lawrence (Vincent D'Onofrio), nicknamed \"Gomer Pyle,\" as they endure the rigors of basic training. Though Pyle takes a frightening detour, Joker graduates to the Marine Corps and is sent to Vietnam as a journalist, covering -- and eventually participating in -- the bloody Battle of Hu\u00e9.",
        "year": 1987,
        "rating": 3,
        "runtime": 116,
        "website": "",
        "writers": [
            5
        ]
    }
},
{
    "model": "core.person",
    "pk": 1,
    "fields": {
        "first_name": "Freanu",
        "last_name": "Peria",
        "born": "1997-08-06",
        "died": "2019-05-02"
    }
},
{
    "model": "core.person",
    "pk": 2,
    "fields": {
        "first_name": "Francis",
        "last_name": "Coppola",
        "born": "1939-04-07",
        "died": null
    }
},
{
    "model": "core.person",
    "pk": 3,
    "fields": {
        "first_name": "Quentin",
        "last_name": "Tarantino",
        "born": "1963-03-27",
        "died": null
    }
},
{
    "model": "core.person",
    "pk": 4,
    "fields": {
        "first_name": "Jean Luc",
        "last_name": "Godard",
        "born": "1930-12-03",
        "died": null
    }
},
{
    "model": "core.person",
    "pk": 5,
    "fields": {
        "first_name": "Stanley",
        "last_name": "Kubrick",
        "born": "1928-07-26",
        "died": "1999-03-07"
    }
},
{
    "model": "core.person",
    "pk": 6,
    "fields": {
        "first_name": "Jean-Pierre",
        "last_name": "Leaud",
        "born": "1944-05-28",
        "died": null
    }
},
{
    "model": "core.person",
    "pk": 7,
    "fields": {
        "first_name": "Anna",
        "last_name": "Karina",
        "born": "1940-09-22",
        "died": null
    }
},
{
    "model": "auth.user",
    "pk": 1,
    "fields": {
        "password": "pbkdf2_sha256$100000$dYnYivqUavB4$QuyvHChD05J6ttDulpVQgfmQKCJ9Xi++dALBt15UH38=",
        "last_login": "2019-05-06T04:25:05.902Z",
        "is_superuser": true,
        "username": "magnusson",
        "first_name": "",
        "last_name": "",
        "email": "aoerulnv@oeuvindk.ocm",
        "is_staff": true,
        "is_active": true,
        "date_joined": "2019-05-01T17:21:25.652Z",
        "groups": [],
        "user_permissions": []
    }
},
{
    "model": "auth.user",
    "pk": 2,
    "fields": {
        "password": "pbkdf2_sha256$100000$LbOVbM4ADIVI$EIHMdiG7FT4OLYwbqa2XgkyQrLTWMU2xf4vULlK8MQs=",
        "last_login": "2019-05-06T08:35:35.896Z",
        "is_superuser": false,
        "username": "koy3d",
        "first_name": "",
        "last_name": "",
        "email": "",
        "is_staff": false,
        "is_active": true,
        "date_joined": "2019-05-02T05:00:18.286Z",
        "groups": [],
        "user_permissions": []
    }
},
{
    "model": "auth.user",
    "pk": 3,
    "fields": {
        "password": "pbkdf2_sha256$100000$3rvEfE7klk6P$L2sDmu3loCwX/Hpx8xJG3c9Czy6AQ5/l5BDK5gUaPwk=",
        "last_login": "2019-05-06T05:22:05.396Z",
        "is_superuser": false,
        "username": "kanyewest",
        "first_name": "",
        "last_name": "",
        "email": "",
        "is_staff": false,
        "is_active": true,
        "date_joined": "2019-05-03T03:53:38.215Z",
        "groups": [],
        "user_permissions": []
    }
},
{
    "model": "sessions.session",
    "pk": "dojvinq610ux9qk967pk4pkh9n7py1o6",
    "fields": {
        "session_data": "MWVkMjk4MjIwZjFhYTMwNTA1YmY5NWY3OTdiMmMzYzk2NjRkZjIwNDp7Il9jc3JmdG9rZW4iOiI0bnc2dW5JUFBVbW96NGRvcW9tdDlwTFJ3U0VPT0ZJeUlZc0tBOUFyQ3BEQ1BIOFlWY3JhRFBrRVh3ck9XY0ZVIiwiX2F1dGhfdXNlcl9pZCI6IjIiLCJfYXV0aF91c2VyX2JhY2tlbmQiOiJkamFuZ28uY29udHJpYi5hdXRoLmJhY2tlbmRzLk1vZGVsQmFja2VuZCIsIl9hdXRoX3VzZXJfaGFzaCI6IjhjM2VjNWFiZjE3N2VhYjJkMWIzYjliMjYwZWQ5ZDBjMmRjY2YzN2YifQ==",
        "expire_date": "2019-05-20T08:36:42.739Z"
    }
},
{
    "model": "sessions.session",
    "pk": "sdu5a8vpk41fykg26xo7889qsn5294z3",
    "fields": {
        "session_data": "NjY4YTJjMTY5OTkyN2EyMmM1ZWVhYTUzZjAxMzk3MjgzODFmNzY5NDp7Il9hdXRoX3VzZXJfaWQiOiIxIiwiX2F1dGhfdXNlcl9iYWNrZW5kIjoiZGphbmdvLmNvbnRyaWIuYXV0aC5iYWNrZW5kcy5Nb2RlbEJhY2tlbmQiLCJfYXV0aF91c2VyX2hhc2giOiI5ZDRkNGIzM2U2N2IyYmM3MzgzOGEwNjlhNzVhMTNlNjJlYzFkMjc1In0=",
        "expire_date": "2019-05-16T02:50:51.363Z"
    }
},
{
    "model": "admin.logentry",
    "pk": 1,
    "fields": {
        "action_time": "2019-05-01T18:11:01.726Z",
        "user": 1,
        "content_type": 7,
        "object_id": "2",
        "object_repr": "Zombadings: patayin sa shokot si remington (2011)",
        "action_flag": 1,
        "change_message": "[{\"added\": {}}]"
    }
},
{
    "model": "admin.logentry",
    "pk": 2,
    "fields": {
        "action_time": "2019-05-02T02:51:57.361Z",
        "user": 1,
        "content_type": 8,
        "object_id": "1",
        "object_repr": "Person object (1)",
        "action_flag": 1,
        "change_message": "[{\"added\": {}}]"
    }
},
{
    "model": "admin.logentry",
    "pk": 3,
    "fields": {
        "action_time": "2019-05-03T03:42:03.686Z",
        "user": 1,
        "content_type": 7,
        "object_id": "3",
        "object_repr": "Her (2013)",
        "action_flag": 1,
        "change_message": "[{\"added\": {}}]"
    }
},
{
    "model": "admin.logentry",
    "pk": 4,
    "fields": {
        "action_time": "2019-05-03T03:43:45.715Z",
        "user": 1,
        "content_type": 7,
        "object_id": "4",
        "object_repr": "Final Fantasy XV: Kingsglaive (2016)",
        "action_flag": 1,
        "change_message": "[{\"added\": {}}]"
    }
},
{
    "model": "admin.logentry",
    "pk": 5,
    "fields": {
        "action_time": "2019-05-03T03:48:12.590Z",
        "user": 1,
        "content_type": 7,
        "object_id": "5",
        "object_repr": "Birdman: The Unexpected Virtue of Ignorance (2014)",
        "action_flag": 1,
        "change_message": "[{\"added\": {}}]"
    }
},
{
    "model": "admin.logentry",
    "pk": 6,
    "fields": {
        "action_time": "2019-05-03T03:48:48.653Z",
        "user": 1,
        "content_type": 7,
        "object_id": "6",
        "object_repr": "Justin Biever (2012)",
        "action_flag": 1,
        "change_message": "[{\"added\": {}}]"
    }
},
{
    "model": "admin.logentry",
    "pk": 7,
    "fields": {
        "action_time": "2019-05-03T03:50:12.417Z",
        "user": 1,
        "content_type": 7,
        "object_id": "7",
        "object_repr": "Avengers: Endgame (2019)",
        "action_flag": 1,
        "change_message": "[{\"added\": {}}]"
    }
},
{
    "model": "admin.logentry",
    "pk": 8,
    "fields": {
        "action_time": "2019-05-05T13:47:07.468Z",
        "user": 1,
        "content_type": 8,
        "object_id": "2",
        "object_repr": "Coppolaa, Francis   (1939-04-07)",
        "action_flag": 1,
        "change_message": "[{\"added\": {}}]"
    }
},
{
    "model": "admin.logentry",
    "pk": 9,
    "fields": {
        "action_time": "2019-05-05T13:48:11.913Z",
        "user": 1,
        "content_type": 7,
        "object_id": "8",
        "object_repr": "The Godfather II (1974)",
        "action_flag": 1,
        "change_message": "[{\"added\": {}}]"
    }
},
{
    "model": "admin.logentry",
    "pk": 10,
    "fields": {
        "action_time": "2019-05-05T13:49:57.736Z",
        "user": 1,
        "content_type": 7,
        "object_id": "1",
        "object_repr": "The Godfather (1972)",
        "action_flag": 2,
        "change_message": "[{\"changed\": {\"fields\": [\"director\", \"plot\"]}}]"
    }
},
{
    "model": "admin.logentry",
    "pk": 11,
    "fields": {
        "action_time": "2019-05-05T13:50:07.956Z",
        "user": 1,
        "content_type": 8,
        "object_id": "2",
        "object_repr": "Coppola, Francis   (1939-04-07)",
        "action_flag": 2,
        "change_message": "[{\"changed\": {\"fields\": [\"last_name\"]}}]"
    }
},
{
    "model": "admin.logentry",
    "pk": 12,
    "fields": {
        "action_time": "2019-05-06T03:45:31.440Z",
        "user": 1,
        "content_type": 8,
        "object_id": "3",
        "object_repr": "Tarantino, Quentin   (1963-03-27)",
        "action_flag": 1,
        "change_message": "[{\"added\": {}}]"
    }
},
{
    "model": "admin.logentry",
    "pk": 13,
    "fields": {
        "action_time": "2019-05-06T03:46:18.726Z",
        "user": 1,
        "content_type": 8,
        "object_id": "4",
        "object_repr": "Godard, Jean Luc   (1930-12-03)",
        "action_flag": 1,
        "change_message": "[{\"added\": {}}]"
    }
},
{
    "model": "admin.logentry",
    "pk": 14,
    "fields": {
        "action_time": "2019-05-06T03:47:31.875Z",
        "user": 1,
        "content_type": 8,
        "object_id": "5",
        "object_repr": "Kubrick, Stanley   (1928-07-26 - 1999-03-07)",
        "action_flag": 1,
        "change_message": "[{\"added\": {}}]"
    }
},
{
    "model": "admin.logentry",
    "pk": 15,
    "fields": {
        "action_time": "2019-05-06T03:48:14.758Z",
        "user": 1,
        "content_type": 8,
        "object_id": "6",
        "object_repr": "Leaud, Jean-Pierre   (1944-05-28)",
        "action_flag": 1,
        "change_message": "[{\"added\": {}}]"
    }
},
{
    "model": "admin.logentry",
    "pk": 16,
    "fields": {
        "action_time": "2019-05-06T03:49:04.474Z",
        "user": 1,
        "content_type": 8,
        "object_id": "7",
        "object_repr": "Karina, Anna   (1940-09-22)",
        "action_flag": 1,
        "change_message": "[{\"added\": {}}]"
    }
},
{
    "model": "admin.logentry",
    "pk": 17,
    "fields": {
        "action_time": "2019-05-06T03:50:01.786Z",
        "user": 1,
        "content_type": 7,
        "object_id": "9",
        "object_repr": "Masculine, Feminine (1966)",
        "action_flag": 1,
        "change_message": "[{\"added\": {}}]"
    }
},
{
    "model": "admin.logentry",
    "pk": 18,
    "fields": {
        "action_time": "2019-05-06T03:51:01.760Z",
        "user": 1,
        "content_type": 7,
        "object_id": "10",
        "object_repr": "Band of Outsiders (1952)",
        "action_flag": 1,
        "change_message": "[{\"added\": {}}]"
    }
},
{
    "model": "admin.logentry",
    "pk": 19,
    "fields": {
        "action_time": "2019-05-06T03:52:12.540Z",
        "user": 1,
        "content_type": 7,
        "object_id": "11",
        "object_repr": "Pulp Fiction (1994)",
        "action_flag": 1,
        "change_message": "[{\"added\": {}}]"
    }
},
{
    "model": "admin.logentry",
    "pk": 20,
    "fields": {
        "action_time": "2019-05-06T03:54:00.206Z",
        "user": 1,
        "content_type": 7,
        "object_id": "12",
        "object_repr": "Full Metal Jacket (1987)",
        "action_flag": 1,
        "change_message": "[{\"added\": {}}]"
    }
},
{
    "model": "core.movieimage",
    "pk": 1,
    "fields": {
        "image": "1/b2ec6ea0-321a-4477-bacd-ce7ff683d1eb",
        "uploaded": "2019-05-05T14:39:40.583Z",
        "movie": 1,
        "user": 1
    }
},
{
    "model": "core.movieimage",
    "pk": 2,
    "fields": {
        "image": "1/5bc60e71-e164-4a3d-a425-2ac850aebf1a",
        "uploaded": "2019-05-05T14:39:57.603Z",
        "movie": 1,
        "user": 1
    }
},
{
    "model": "core.movieimage",
    "pk": 3,
    "fields": {
        "image": "7/de8d37d6-ce44-4444-aa0f-cdbfd44eff71",
        "uploaded": "2019-05-06T04:17:38.759Z",
        "movie": 7,
        "user": 1
    }
},
{
    "model": "core.movieimage",
    "pk": 4,
    "fields": {
        "image": "1/f6215822-2909-4679-9119-42d82d270a37",
        "uploaded": "2019-05-06T08:36:42.610Z",
        "movie": 1,
        "user": 2
    }
},
{
    "model": "core.vote",
    "pk": 1,
    "fields": {
        "value": 1,
        "user": 1,
        "movie": 1,
        "voted_on": "2019-05-03T04:29:11.651Z"
    }
},
{
    "model": "core.vote",
    "pk": 2,
    "fields": {
        "value": 1,
        "user": 1,
        "movie": 2,
        "voted_on": "2019-05-03T03:16:01.858Z"
    }
},
{
    "model": "core.vote",
    "pk": 3,
    "fields": {
        "value": 1,
        "user": 2,
        "movie": 1,
        "voted_on": "2019-05-03T04:29:37.771Z"
    }
},
{
    "model": "core.vote",
    "pk": 4,
    "fields": {
        "value": 1,
        "user": 2,
        "movie": 7,
        "voted_on": "2019-05-03T03:51:47.288Z"
    }
},
{
    "model": "core.vote",
    "pk": 5,
    "fields": {
        "value": 1,
        "user": 2,
        "movie": 4,
        "voted_on": "2019-05-03T03:51:52.103Z"
    }
},
{
    "model": "core.vote",
    "pk": 6,
    "fields": {
        "value": -1,
        "user": 2,
        "movie": 6,
        "voted_on": "2019-05-03T03:51:56.371Z"
    }
},
{
    "model": "core.vote",
    "pk": 7,
    "fields": {
        "value": -1,
        "user": 2,
        "movie": 5,
        "voted_on": "2019-05-03T03:52:00.825Z"
    }
},
{
    "model": "core.vote",
    "pk": 8,
    "fields": {
        "value": 1,
        "user": 2,
        "movie": 3,
        "voted_on": "2019-05-03T03:52:04.650Z"
    }
},
{
    "model": "core.vote",
    "pk": 9,
    "fields": {
        "value": 1,
        "user": 1,
        "movie": 7,
        "voted_on": "2019-05-06T04:17:27.443Z"
    }
},
{
    "model": "core.vote",
    "pk": 10,
    "fields": {
        "value": 1,
        "user": 1,
        "movie": 4,
        "voted_on": "2019-05-03T03:52:52.995Z"
    }
},
{
    "model": "core.vote",
    "pk": 11,
    "fields": {
        "value": 1,
        "user": 1,
        "movie": 5,
        "voted_on": "2019-05-03T03:52:56.891Z"
    }
},
{
    "model": "core.vote",
    "pk": 12,
    "fields": {
        "value": 1,
        "user": 1,
        "movie": 3,
        "voted_on": "2019-05-03T03:53:04.208Z"
    }
},
{
    "model": "core.vote",
    "pk": 13,
    "fields": {
        "value": -1,
        "user": 1,
        "movie": 6,
        "voted_on": "2019-05-03T03:53:07.191Z"
    }
},
{
    "model": "core.vote",
    "pk": 14,
    "fields": {
        "value": -1,
        "user": 3,
        "movie": 4,
        "voted_on": "2019-05-03T03:54:25.634Z"
    }
},
{
    "model": "core.vote",
    "pk": 15,
    "fields": {
        "value": 1,
        "user": 3,
        "movie": 7,
        "voted_on": "2019-05-03T03:54:29.657Z"
    }
},
{
    "model": "core.vote",
    "pk": 16,
    "fields": {
        "value": 1,
        "user": 3,
        "movie": 5,
        "voted_on": "2019-05-06T05:22:33.125Z"
    }
},
{
    "model": "core.vote",
    "pk": 17,
    "fields": {
        "value": 1,
        "user": 3,
        "movie": 3,
        "voted_on": "2019-05-03T03:54:38.200Z"
    }
},
{
    "model": "core.vote",
    "pk": 18,
    "fields": {
        "value": -1,
        "user": 3,
        "movie": 6,
        "voted_on": "2019-05-03T03:54:41.953Z"
    }
},
{
    "model": "core.vote",
    "pk": 19,
    "fields": {
        "value": -1,
        "user": 3,
        "movie": 2,
        "voted_on": "2019-05-06T05:22:28.304Z"
    }
},
{
    "model": "core.vote",
    "pk": 20,
    "fields": {
        "value": 1,
        "user": 3,
        "movie": 1,
        "voted_on": "2019-05-03T03:54:49.458Z"
    }
},
{
    "model": "core.vote",
    "pk": 21,
    "fields": {
        "value": 1,
        "user": 1,
        "movie": 9,
        "voted_on": "2019-05-06T04:25:11.990Z"
    }
},
{
    "model": "core.vote",
    "pk": 22,
    "fields": {
        "value": 1,
        "user": 2,
        "movie": 9,
        "voted_on": "2019-05-06T04:31:03.246Z"
    }
},
{
    "model": "core.vote",
    "pk": 23,
    "fields": {
        "value": 1,
        "user": 3,
        "movie": 11,
        "voted_on": "2019-05-06T05:22:18.650Z"
    }
},
{
    "model": "core.vote",
    "pk": 24,
    "fields": {
        "value": 1,
        "user": 3,
        "movie": 12,
        "voted_on": "2019-05-06T05:22:12.944Z"
    }
},
{
    "model": "core.vote",
    "pk": 25,
    "fields": {
        "value": 1,
        "user": 3,
        "movie": 10,
        "voted_on": "2019-05-06T05:22:41.868Z"
    }
}
]
